elapsed_s,expected,prediction,status,confidence,known_mass,action,reason,total_ms,mediapipe_ms,classifier_ms
0.04215359999989232,,no_gesture,predicted,0.0,0.0012962899636477232,Wait / No Action,Extend the index finger past the other fingertips and hold the direction,34.81689999989612,26.17610000015702,0.2761000000646163
0.14490470000009736,,no_gesture,predicted,0.0,0.004824754782021046,Wait / No Action,Extend the index finger past the other fingertips and hold the direction,17.27950000031342,11.136099999930593,0.1459999998587591
0.2426989999999023,,no_gesture,predicted,0.0,0.004859164822846651,Wait / No Action,Extend the index finger past the other fingertips and hold the direction,17.28000000002794,10.889399999996385,0.16189999996640836
0.3414324000000306,,no_gesture,predicted,0.0,0.014924074523150921,Wait / No Action,Extend the index finger past the other fingertips and hold the direction,16.277800000352727,10.24120000010953,0.17870000010589138
0.4434995000001436,,no_gesture,predicted,0.0,0.015172375366091728,Wait / No Action,Extend the index finger past the other fingertips and hold the direction,18.547099999977945,12.118900000132271,0.14250000003812602
0.5415867000001526,,no_gesture,predicted,0.0,0.029685959219932556,Wait / No Action,Extend the index finger past the other fingertips and hold the direction,16.573299999890878,10.514900000089256,0.2303000001120381
0.6414037999998072,,no_gesture,predicted,0.0,0.02028706856071949,Wait / No Action,Extend the index finger past the other fingertips and hold the direction,16.920499999741878,10.54969999995592,0.19040000006498303
0.7406903999999486,,no_gesture,predicted,0.0,0.01353982463479042,Wait / No Action,Extend the index finger past the other fingertips and hold the direction,16.37510000000475,10.295900000073743,0.26769999976750114
0.8418443999998999,,no_gesture,predicted,0.0,0.03850364312529564,Wait / No Action,Extend the index finger past the other fingertips and hold the direction,17.33479999984411,10.596999999961554,0.16289999985019676
0.9409593000000314,,no_gesture,predicted,0.0,0.015932220965623856,Wait / No Action,Extend the index finger past the other fingertips and hold the direction,16.86829999971451,10.515700000269135,0.29180000001360895
1.0404223000000457,,no_gesture,predicted,0.0,0.023350723087787628,Wait / No Action,Extend the index finger past the other fingertips and hold the direction,16.309499999806576,10.006099999827711,0.21190000006754417
1.1430654999999206,,no_gesture,predicted,0.0,0.013547241687774658,Wait / No Action,Extend the index finger past the other fingertips and hold the direction,17.365000000154396,11.34440000032555,0.15430000030391966
1.2246283999998013,,no_gesture,predicted,0.0,0.019820062443614006,Wait / No Action,Extend the index finger past the other fingertips and hold the direction,16.792899999927613,10.480599999937112,0.20670000003519817
1.343452900000102,,no_gesture,predicted,0.0,0.03665708377957344,Wait / No Action,Extend the index finger past the other fingertips and hold the direction,16.5287999998327,10.614199999963603,0.15200000007098424
1.424351999999999,,no_gesture,predicted,0.0,0.023459818214178085,Wait / No Action,Extend the index finger past the other fingertips and hold the direction,16.34199999989505,10.403600000245206,0.18850000014936086
1.5248686999998426,,no_gesture,predicted,0.0,0.020028816536068916,Wait / No Action,Extend the index finger past the other fingertips and hold the direction,16.471500000079686,10.714500000176486,0.13999999964653398
1.6438219000001482,,no_gesture,predicted,0.0,0.046466466039419174,Wait / No Action,Extend the index finger past the other fingertips and hold the direction,16.876200000297104,10.942699999759498,0.14330000021800515
1.7255423999999948,,no_gesture,predicted,0.0,0.025493677705526352,Wait / No Action,Extend the index finger past the other fingertips and hold the direction,16.568999999890366,10.765499999706662,0.17030000026352354
1.843294700000115,,no_gesture,predicted,0.0,0.023555733263492584,Wait / No Action,Extend the index finger past the other fingertips and hold the direction,16.705699999874923,10.872299999846291,0.14509999982692534
1.9401237000001856,,no_gesture,predicted,0.0,0.04495418816804886,Wait / No Action,Extend the index finger past the other fingertips and hold the direction,16.45250000001397,10.423700000046665,0.25340000001961016
2.040381100000104,,no_gesture,predicted,0.0,0.021565280854701996,Wait / No Action,Extend the index finger past the other fingertips and hold the direction,16.789699999662844,10.382800000115822,0.16109999978652922
2.140950200000134,,no_gesture,predicted,0.0,0.02075730822980404,Wait / No Action,Extend the index finger past the other fingertips and hold the direction,17.10529999991195,10.703800000101182,0.18409999984214664
2.2398090000001503,,no_gesture,predicted,0.0,0.02355906181037426,Wait / No Action,Extend the index finger past the other fingertips and hold the direction,16.34409999996933,10.15559999996185,0.2845999997589388
2.3400738000000274,,no_gesture,predicted,0.0,0.029297061264514923,Wait / No Action,Extend the index finger past the other fingertips and hold the direction,16.22559999987061,10.192900000220106,0.16219999997701962
2.439515399999891,,no_gesture,predicted,0.0,0.022716179490089417,Wait / No Action,Extend the index finger past the other fingertips and hold the direction,16.515300000264688,10.366800000156218,0.13970000009067007
2.5404426999998577,,no_gesture,predicted,0.0,0.025663571432232857,Wait / No Action,Extend the index finger past the other fingertips and hold the direction,16.683499999999185,10.45960000010382,0.18060000002151355
2.6400204999999914,,no_gesture,predicted,0.0,0.06899211555719376,Wait / No Action,Extend the index finger past the other fingertips and hold the direction,16.740000000027067,10.573800000202027,0.18899999986388138
2.74099010000009,,no_gesture,predicted,0.0,0.04743069037795067,Wait / No Action,Extend the index finger past the other fingertips and hold the direction,16.819000000396045,10.669199999938428,0.1526999999441614
2.8412492000002203,,no_gesture,predicted,0.0,0.039173830300569534,Wait / No Action,Extend the index finger past the other fingertips and hold the direction,16.550199999983306,10.790100000122038,0.16330000016751
2.9581677000001037,,no_gesture,predicted,0.0,0.0583704337477684,Wait / No Action,Extend the index finger past the other fingertips and hold the direction,18.670499999643653,12.111800000184303,0.15470000016648555
3.0587446999998065,,no_gesture,predicted,0.0,0.07016868889331818,Wait / No Action,Extend the index finger past the other fingertips and hold the direction,18.48840000002383,12.136800000007497,0.1422999998794694
3.1565255000000434,,no_gesture,predicted,0.0,0.09928303211927414,Wait / No Action,Extend the index finger past the other fingertips and hold the direction,16.535899999780668,10.464299999966897,0.1895999998851039
3.2567865000000893,,no_gesture,predicted,0.0,0.050132252275943756,Wait / No Action,Extend the index finger past the other fingertips and hold the direction,16.744500000186235,10.192799999913404,0.172399999883055
3.3564657000001716,,no_gesture,predicted,0.0,0.046536851674318314,Wait / No Action,Extend the index finger past the other fingertips and hold the direction,16.656499999953667,10.375800000019808,0.1934000001710956
3.573326900000211,,no_gesture,predicted,0.0,0.015155780129134655,Wait / No Action,Extend the index finger past the other fingertips and hold the direction,133.49310000012338,10.300800000095478,0.18530000033933902
3.610343499999999,,no_gesture,predicted,0.0,0.07222104072570801,Wait / No Action,Extend the index finger past the other fingertips and hold the direction,17.72289999962595,10.616300000037882,0.14479999981631408
3.708267699999851,,no_gesture,predicted,0.0,0.06592322885990143,Wait / No Action,Extend the index finger past the other fingertips and hold the direction,18.719600000167702,10.787799999889103,0.16479999976581894
3.807424699999956,,no_gesture,predicted,0.0,0.04607172682881355,Wait / No Action,Extend the index finger past the other fingertips and hold the direction,18.302800000128627,10.628099999848928,0.15239999993355013
3.905967799999871,,no_gesture,predicted,0.0,0.025959307327866554,Wait / No Action,Extend the index finger past the other fingertips and hold the direction,16.608300000370946,10.491200000160461,0.2639999997882114
4.005829900000208,,no_gesture,predicted,0.0,0.037018582224845886,Wait / No Action,Extend the index finger past the other fingertips and hold the direction,16.34829999966314,10.17920000003869,0.21579999975074315
4.106276600000001,,no_gesture,predicted,0.0,0.03895704448223114,Wait / No Action,Extend the index finger past the other fingertips and hold the direction,16.940299999987474,10.273000000324828,0.18210000007456983
4.20612919999985,,no_gesture,predicted,0.0,0.07448823004961014,Wait / No Action,Extend the index finger past the other fingertips and hold the direction,16.791600000033213,10.556000000178756,0.18210000007456983
4.307836999999836,,no_gesture,predicted,0.0,0.04563527554273605,Wait / No Action,Extend the index finger past the other fingertips and hold the direction,18.617100000028586,12.078700000074605,0.1667999999881431
4.406183600000077,,no_gesture,predicted,0.0,0.028769204393029213,Wait / No Action,Extend the index finger past the other fingertips and hold the direction,16.734199999973498,10.656200000084937,0.2021000000240747
4.5068130999998175,,no_gesture,predicted,0.0,0.0331353060901165,Wait / No Action,Extend the index finger past the other fingertips and hold the direction,16.562600000270322,10.48480000008567,0.1557999999022286
4.625906199999918,,no_gesture,predicted,0.0,0.028985127806663513,Wait / No Action,Extend the index finger past the other fingertips and hold the direction,17.043199999989156,11.145500000111497,0.14349999992191442
4.696957799999836,,no_gesture,predicted,0.0,0.027573473751544952,Wait / No Action,Extend the index finger past the other fingertips and hold the direction,16.618099999959668,10.9826000002613,0.14180000016494887
4.826016299999992,,no_gesture,predicted,0.0,0.044649992138147354,Wait / No Action,Extend the index finger past the other fingertips and hold the direction,17.253200000141078,11.298000000351749,0.14479999981631408
4.921898300000066,,no_gesture,predicted,0.0,0.03159931302070618,Wait / No Action,Extend the index finger past the other fingertips and hold the direction,16.168300000117597,10.238200000003417,0.14519999967887998
5.022458200000074,,no_gesture,predicted,0.0,0.0185934379696846,Wait / No Action,Extend the index finger past the other fingertips and hold the direction,16.564399999879242,10.46100000030492,0.22990000024947221
5.123128700000052,,no_gesture,predicted,0.0,0.016172541305422783,Wait / No Action,Extend the index finger past the other fingertips and hold the direction,17.166199999792298,10.635300000103598,0.18880000015997211
5.222987199999807,,no_gesture,predicted,0.0,0.022861341014504433,Wait / No Action,Extend the index finger past the other fingertips and hold the direction,17.178399999920657,10.520099999666854,0.4349999999249121
5.322473499999887,,no_gesture,predicted,0.0,0.046068087220191956,Wait / No Action,Extend the index finger past the other fingertips and hold the direction,16.57840000007127,10.416099999929429,0.21519999972952064
5.422571600000083,,no_gesture,predicted,0.0,0.02237950637936592,Wait / No Action,Extend the index finger past the other fingertips and hold the direction,16.695899999831454,10.481799999979557,0.30519999972966616
5.522814899999958,,no_gesture,predicted,0.0,0.021193893626332283,Wait / No Action,Extend the index finger past the other fingertips and hold the direction,16.872300000159157,10.727300000326068,0.16560000040044542
5.622721199999887,,no_gesture,predicted,0.0,0.02730220928788185,Wait / No Action,Extend the index finger past the other fingertips and hold the direction,16.78780000020197,10.662900000170339,0.1698999999462103
5.722650499999872,,no_gesture,predicted,0.0,0.05736039951443672,Wait / No Action,Extend the index finger past the other fingertips and hold the direction,16.802800000277784,10.520100000121602,0.1594999998815183
5.802346399999806,,no_gesture,predicted,0.0,0.020387986674904823,Wait / No Action,Extend the index finger past the other fingertips and hold the direction,17.02019999993354,10.377499999776774,0.1434000000699598
5.925972900000033,,no_gesture,predicted,0.0,0.08543284237384796,Wait / No Action,Extend the index finger past the other fingertips and hold the direction,17.155300000013085,11.39130000001387,0.13910000006944756
6.021952000000056,,no_gesture,predicted,0.0,0.027267511934041977,Wait / No Action,Extend the index finger past the other fingertips and hold the direction,16.16650000005393,10.260400000333902,0.16629999981887522
6.122491699999955,,no_gesture,predicted,0.0,0.06591291725635529,Wait / No Action,Extend the index finger past the other fingertips and hold the direction,16.85670000006212,10.535499999605236,0.18279999994774698
6.221783800000139,,no_gesture,predicted,0.0,0.023217374458909035,Wait / No Action,Extend the index finger past the other fingertips and hold the direction,16.187299999728566,10.141499999917869,0.17830000024332548
6.322630799999843,,no_gesture,predicted,0.0,0.019996540620923042,Wait / No Action,Extend the index finger past the other fingertips and hold the direction,16.906299999845942,10.61119999985749,0.21500000002561137
6.421642499999962,,no_gesture,predicted,0.0,0.05333506315946579,Wait / No Action,Extend the index finger past the other fingertips and hold the direction,16.324400000030437,10.463099999924452,0.19410000004427275
6.521705900000143,,no_gesture,predicted,0.0,0.03940051048994064,Wait / No Action,Extend the index finger past the other fingertips and hold the direction,16.721399999823916,10.498299999653682,0.17939999997906853
6.621522299999924,,no_gesture,predicted,0.0,0.03121362254023552,Wait / No Action,Extend the index finger past the other fingertips and hold the direction,16.30539999996472,10.311000000001513,0.22809999973105732
6.7230212999998,,no_gesture,predicted,0.0,0.08389265090227127,Wait / No Action,Extend the index finger past the other fingertips and hold the direction,17.464399999880698,10.63609999982873,0.23120000014387188
6.80533319999995,,no_gesture,predicted,0.0,0.08047039806842804,Wait / No Action,Extend the index finger past the other fingertips and hold the direction,16.23380000000907,10.179500000049302,0.15669999993406236
6.925221999999849,,no_gesture,predicted,0.0,0.04579205811023712,Wait / No Action,Extend the index finger past the other fingertips and hold the direction,16.39339999974254,10.796600000048784,0.1397999999426247
7.006150199999865,,no_gesture,predicted,0.0,0.10449959337711334,Wait / No Action,Extend the index finger past the other fingertips and hold the direction,16.75699999987046,11.111299999811308,0.14099999998506973
7.1248334000001705,,no_gesture,predicted,0.0,0.08431801944971085,Wait / No Action,Extend the index finger past the other fingertips and hold the direction,16.85780000025261,11.11559999981182,0.14160000000629225
7.221492399999988,,no_gesture,predicted,0.0,0.0350777804851532,Wait / No Action,Extend the index finger past the other fingertips and hold the direction,16.49150000002919,10.515999999824999,0.17600000001039007
7.322655699999814,,no_gesture,predicted,0.0,0.038064200431108475,Wait / No Action,Extend the index finger past the other fingertips and hold the direction,17.671400000381254,11.670000000322034,0.14149999969959026
7.421086500000001,,no_gesture,predicted,0.0,0.0157362911850214,Wait / No Action,Extend the index finger past the other fingertips and hold the direction,16.413299999840092,10.291099999903963,0.1816999997572566
7.521878999999899,,no_gesture,predicted,0.0,0.02752077765762806,Wait / No Action,Extend the index finger past the other fingertips and hold the direction,17.111300000124174,10.470900000200345,0.1754999998411222
7.621960899999976,,no_gesture,predicted,0.0,0.05545702949166298,Wait / No Action,Extend the index finger past the other fingertips and hold the direction,17.08329999974012,11.004399999819725,0.22010000020600273
7.721470899999986,,no_gesture,predicted,0.0,0.05699147656559944,Wait / No Action,Extend the index finger past the other fingertips and hold the direction,16.401500000029046,10.381099999904109,0.2081999996335071
7.821500399999877,,no_gesture,predicted,0.0,0.049347054213285446,Wait / No Action,Extend the index finger past the other fingertips and hold the direction,16.882999999779713,10.70800000024974,0.16499999992447556
7.920893599999999,,no_gesture,predicted,0.0,0.027164634317159653,Wait / No Action,Extend the index finger past the other fingertips and hold the direction,16.57180000029257,10.349799999858078,0.1847000003181165
8.02147019999984,,no_gesture,predicted,0.0,0.03337579965591431,Wait / No Action,Extend the index finger past the other fingertips and hold the direction,17.054199999620323,10.479600000053324,0.2715999999054475
8.121310999999878,,no_gesture,predicted,0.0,0.06946524977684021,Wait / No Action,Extend the index finger past the other fingertips and hold the direction,17.03940000015791,10.6074999998782,0.19730000030904193
8.221279200000026,,no_gesture,predicted,0.0,0.04519151151180267,Wait / No Action,Extend the index finger past the other fingertips and hold the direction,16.55739999978323,10.576200000286917,0.16019999975469545
8.32200150000017,,no_gesture,predicted,0.0,0.04955181106925011,Wait / No Action,Extend the index finger past the other fingertips and hold the direction,16.57470000009198,10.686099999929866,0.14700000019729487
8.422196500000155,,no_gesture,predicted,0.0,0.13618187606334686,Wait / No Action,Extend the index finger past the other fingertips and hold the direction,16.69019999962984,10.913200000231882,0.14250000003812602
8.532988699999805,,no_gesture,predicted,0.0,0.12059879302978516,Wait / No Action,Extend the index finger past the other fingertips and hold the direction,16.763100000389386,10.56990000006408,0.13949999993201345
8.645147000000179,,no_gesture,predicted,0.0,0.10164450109004974,Wait / No Action,Extend the index finger past the other fingertips and hold the direction,19.47829999971873,12.577599999985978,0.1403000001118926
8.713112200000069,,no_gesture,predicted,0.0,0.07930070161819458,Wait / No Action,Extend the index finger past the other fingertips and hold the direction,16.636299999845505,10.97250000020722,0.13970000009067007
8.833294900000055,,no_gesture,predicted,0.0,0.06930132955312729,Wait / No Action,Extend the index finger past the other fingertips and hold the direction,16.650600000048144,10.413900000003196,0.14089999967836775
8.932425299999977,,no_gesture,predicted,0.0,0.06424635648727417,Wait / No Action,Extend the index finger past the other fingertips and hold the direction,18.33840000017517,10.679500000151165,0.13910000006944756
9.042424700000083,,no_gesture,predicted,0.0,0.0672304630279541,Wait / No Action,Extend the index finger past the other fingertips and hold the direction,17.90389999996478,10.574399999768502,0.1391999999214022
9.139903100000083,,no_gesture,predicted,0.0,0.04551200196146965,Wait / No Action,Extend the index finger past the other fingertips and hold the direction,18.130700000256184,10.900999999648775,0.1554000000396627
9.238161700000092,,no_gesture,predicted,0.0,0.05181080475449562,Wait / No Action,Extend the index finger past the other fingertips and hold the direction,17.972000000099797,10.505499999908352,0.17530000013721292
9.339090699999815,,no_gesture,predicted,0.0,0.08063296228647232,Wait / No Action,Extend the index finger past the other fingertips and hold the direction,17.955399999664223,10.881100000005972,0.14330000021800515
9.432935700000144,,no_gesture,predicted,0.0,0.03001931495964527,Wait / No Action,Extend the index finger past the other fingertips and hold the direction,18.19789999990462,10.459800000262476,0.14029999965714524
9.533263599999827,,no_gesture,predicted,0.0,0.02853819914162159,Wait / No Action,Extend the index finger past the other fingertips and hold the direction,18.09910000019954,10.413599999992584,0.14060000012250384
9.633347699999831,,no_gesture,predicted,0.0,0.035241059958934784,Wait / No Action,Extend the index finger past the other fingertips and hold the direction,18.208599999979924,10.423100000025443,0.14109999983702437
9.734206000000086,,no_gesture,predicted,0.0,0.04532024636864662,Wait / No Action,Extend the index finger past the other fingertips and hold the direction,18.724900000052003,10.70579999986876,0.13750000016443664
9.832530399999996,,no_gesture,predicted,0.0,0.0279697198420763,Wait / No Action,Extend the index finger past the other fingertips and hold the direction,17.09579999987909,11.315600000216364,0.13910000006944756
9.941219400000136,,no_gesture,predicted,0.0,0.02690357156097889,Wait / No Action,Extend the index finger past the other fingertips and hold the direction,16.60600000013801,10.953200000130892,0.13989999979457934
10.032220000000052,,no_gesture,predicted,0.0,0.028624268248677254,Wait / No Action,Extend the index finger past the other fingertips and hold the direction,16.818399999920075,10.882999999921594,0.14039999996384722
10.13500299999987,,no_gesture,predicted,0.0,0.03219638019800186,Wait / No Action,Extend the index finger past the other fingertips and hold the direction,18.70310000003883,10.494999999991705,0.13940000008005882
10.243673200000103,,no_gesture,predicted,0.0,0.018386203795671463,Wait / No Action,Extend the index finger past the other fingertips and hold the direction,18.27099999991333,10.848700000224198,0.13949999993201345
10.338692700000138,,no_gesture,predicted,0.0,0.04815518856048584,Wait / No Action,Extend the index finger past the other fingertips and hold the direction,18.14299999978175,10.86959999975079,0.15499999972234946
10.422421400000076,,no_gesture,predicted,0.0,0.027773255482316017,Wait / No Action,Extend the index finger past the other fingertips and hold the direction,18.049899999823538,10.673199999928329,0.14750000036656274
10.541479900000013,,no_gesture,predicted,0.0,0.019789209589362144,Wait / No Action,Extend the index finger past the other fingertips and hold the direction,18.233799999961775,10.78479999978299,0.13930000022810418
10.638390999999956,,no_gesture,predicted,0.0,0.058686513453722,Wait / No Action,Extend the index finger past the other fingertips and hold the direction,18.36779999985083,10.664899999937916,0.15189999976428226
10.73865560000013,,no_gesture,predicted,0.0,0.02523055486381054,Wait / No Action,Extend the index finger past the other fingertips and hold the direction,18.07069999995292,10.816299999987677,0.15389999998660642
10.838712900000246,,no_gesture,predicted,0.0,0.018181027844548225,Wait / No Action,Extend the index finger past the other fingertips and hold the direction,18.075399999816,10.456500000145752,0.1428999999006919
10.923899299999903,,no_gesture,predicted,0.0,0.010050824843347073,Wait / No Action,Extend the index finger past the other fingertips and hold the direction,18.282099999851198,10.904199999913544,0.13940000008005882
11.024445000000014,,no_gesture,predicted,0.0,0.022252153605222702,Wait / No Action,Extend the index finger past the other fingertips and hold the direction,18.012300000009418,10.623000000123284,0.13829999988956843
11.139897200000178,,no_gesture,predicted,0.0,0.019739657640457153,Wait / No Action,Extend the index finger past the other fingertips and hold the direction,17.090600000301492,11.250399999880756,0.13989999979457934
11.236662799999976,,no_gesture,predicted,0.0,0.015980703756213188,Wait / No Action,Extend the index finger past the other fingertips and hold the direction,16.407600000093225,10.37880000012592,0.1640999998926418
11.336268999999902,,no_gesture,predicted,0.0,0.0223550908267498,Wait / No Action,Extend the index finger past the other fingertips and hold the direction,16.360500000246248,10.209000000031665,0.1640999998926418
11.438536900000145,,no_gesture,predicted,0.0,0.06355656683444977,Wait / No Action,Extend the index finger past the other fingertips and hold the direction,18.51360000000568,12.157399999978225,0.16180000011445372
11.536440599999878,,no_gesture,predicted,0.0,0.052542753517627716,Wait / No Action,Extend the index finger past the other fingertips and hold the direction,16.44590000023527,10.327699999834294,0.18390000013823737
11.636057000000164,,no_gesture,predicted,0.0,0.03644370660185814,Wait / No Action,Extend the index finger past the other fingertips and hold the direction,16.13199999974313,10.10329999962778,0.16349999987141928
11.736968300000171,,no_gesture,predicted,0.0,0.04614607244729996,Wait / No Action,Extend the index finger past the other fingertips and hold the direction,16.489999999976135,10.470300000179122,0.20389999963299488
11.836429899999985,,no_gesture,predicted,0.0,0.016174064949154854,Wait / No Action,Extend the index finger past the other fingertips and hold the direction,16.58510000015667,10.421599999972386,0.17070000012608944
11.936619300000075,,no_gesture,predicted,0.0,0.03796035423874855,Wait / No Action,Extend the index finger past the other fingertips and hold the direction,16.580699999849458,10.309100000085891,0.19089999977950356
12.036200699999881,,no_gesture,predicted,0.0,0.04948827624320984,Wait / No Action,Extend the index finger past the other fingertips and hold the direction,16.07289999992645,10.035699999662029,0.2601999999569671
12.13711740000008,,no_gesture,predicted,0.0,0.021143652498722076,Wait / No Action,Extend the index finger past the other fingertips and hold the direction,16.272200000003068,10.325400000056106,0.1661999999669206
12.256030600000031,,no_gesture,predicted,0.0,0.03146890550851822,Wait / No Action,Extend the index finger past the other fingertips and hold the direction,16.730899999856774,11.034399999971356,0.13760000001639128
12.353017800000089,,no_gesture,predicted,0.0,0.024769354611635208,Wait / No Action,Extend the index finger past the other fingertips and hold the direction,16.299500000059197,10.258499999963533,0.20220000033077667
12.453092100000049,,no_gesture,predicted,0.0,0.036321818828582764,Wait / No Action,Extend the index finger past the other fingertips and hold the direction,16.497699999945326,10.402000000340195,0.18950000003314926
12.5527261000002,,no_gesture,predicted,0.0,0.06183859705924988,Wait / No Action,Extend the index finger past the other fingertips and hold the direction,16.163400000095862,10.206800000105432,0.19659999998111743
12.652744699999857,,no_gesture,predicted,0.0,0.022715602070093155,Wait / No Action,Extend the index finger past the other fingertips and hold the direction,16.368499999771302,10.287500000231375,0.15669999993406236
12.752695799999856,,no_gesture,predicted,0.0,0.017106106504797935,Wait / No Action,Extend the index finger past the other fingertips and hold the direction,16.173800000160554,10.237799999686104,0.20140000015089754
12.852873400000135,,no_gesture,predicted,0.0,0.04900604858994484,Wait / No Action,Extend the index finger past the other fingertips and hold the direction,16.895000000204163,10.583799999949406,0.1615999999557971
12.953103199999987,,no_gesture,predicted,0.0,0.03017512336373329,Wait / No Action,Extend the index finger past the other fingertips and hold the direction,16.62160000023505,10.496500000044762,0.1627000001462875
13.053432199999861,,no_gesture,predicted,0.0,0.025325234979391098,Wait / No Action,Extend the index finger past the other fingertips and hold the direction,17.109200000049896,10.94650000004549,0.15630000007149647
13.133213999999953,,no_gesture,predicted,0.0,0.05125724896788597,Wait / No Action,Extend the index finger past the other fingertips and hold the direction,17.507900000055088,10.877599999730592,0.1430000002073939
13.255651999999827,,no_gesture,predicted,0.0,0.045752983540296555,Wait / No Action,Extend the index finger past the other fingertips and hold the direction,16.691000000264467,10.77530000020488,0.1422999998794694
13.352229200000238,,no_gesture,predicted,0.0,0.03335285186767578,Wait / No Action,Extend the index finger past the other fingertips and hold the direction,16.442199999801232,10.22720000037225,0.18629999976838008
13.453177100000175,,no_gesture,predicted,0.0,0.015162071213126183,Wait / No Action,Extend the index finger past the other fingertips and hold the direction,17.06130000002304,10.68489999988742,0.17759999991540099
13.551784000000225,,no_gesture,predicted,0.0,0.017739683389663696,Wait / No Action,Extend the index finger past the other fingertips and hold the direction,16.37520000031145,10.250600000290433,0.1380999997309118
13.655330200000208,,no_gesture,predicted,0.0,0.01286313310265541,Wait / No Action,Extend the index finger past the other fingertips and hold the direction,19.556100000045262,11.740999999801716,0.13930000022810418
13.752545100000134,,no_gesture,predicted,0.0,0.03328479081392288,Wait / No Action,Extend the index finger past the other fingertips and hold the direction,16.410799999903247,10.40629999988596,0.22219999982553418
13.85368389999985,,no_gesture,predicted,0.0,0.034898191690444946,Wait / No Action,Extend the index finger past the other fingertips and hold the direction,17.002399999910267,10.78060000008918,0.1953999999386724
13.952134300000125,,no_gesture,predicted,0.0,0.012499862350523472,Wait / No Action,Extend the index finger past the other fingertips and hold the direction,16.36159999998199,10.286599999744794,0.15510000002905144
14.053086299999904,,no_gesture,predicted,0.0,0.028796305879950523,Wait / No Action,Extend the index finger past the other fingertips and hold the direction,17.20130000012432,10.800200000176119,0.19220000012865057
14.152766900000188,,no_gesture,predicted,0.0,0.027846939861774445,Wait / No Action,Extend the index finger past the other fingertips and hold the direction,16.863800000010087,10.405699999864737,0.23009999995338148
14.237100700000155,,no_gesture,predicted,0.0,0.031143199652433395,Wait / No Action,Extend the index finger past the other fingertips and hold the direction,17.291900000145688,11.266299999988405,0.21419999984573224
14.336827099999937,,no_gesture,predicted,0.0,0.029094940051436424,Wait / No Action,Extend the index finger past the other fingertips and hold the direction,16.42919999994774,10.681700000077399,0.14099999998506973
14.456658699999934,,no_gesture,predicted,0.0,0.028515266254544258,Wait / No Action,Extend the index finger past the other fingertips and hold the direction,18.205700000180514,11.61950000005163,0.13930000022810418
14.552391600000192,,no_gesture,predicted,0.0,0.019674085080623627,Wait / No Action,Extend the index finger past the other fingertips and hold the direction,16.5234999999484,10.508299999855808,0.17429999979867716
14.651853500000016,,no_gesture,predicted,0.0,0.00866672396659851,Wait / No Action,Extend the index finger past the other fingertips and hold the direction,16.53100000021368,10.381299999608018,0.16349999987141928
14.751728700000058,,no_gesture,predicted,0.0,0.03531074523925781,Wait / No Action,Extend the index finger past the other fingertips and hold the direction,16.712699999970937,10.563599999841244,0.24990000019897707
14.851937299999918,,no_gesture,predicted,0.0,0.04070131853222847,Wait / No Action,Extend the index finger past the other fingertips and hold the direction,16.678500000125496,10.405600000012782,0.16129999994518585
14.951557800000046,,no_gesture,predicted,0.0,0.027156442403793335,Wait / No Action,Extend the index finger past the other fingertips and hold the direction,16.31859999997687,10.322699999960605,0.15519999988100608
15.052162999999837,,no_gesture,predicted,0.0,0.05123603343963623,Wait / No Action,Extend the index finger past the other fingertips and hold the direction,16.984700000193698,10.632699999860051,0.15900000016699778
